{"ecmp_stddev_gbps": 2.03998905473128e-05, "ecmp_mean_gbps": 0.0001456265699961866, "gff_stddev_gbps": 0.5870870919820065, "gff_mean_gbps": 4.7164557709811135}