{"ecmp_stddev_gbps": 2.0754078323606737e-05, "ecmp_mean_gbps": 0.00018813293731271237, "gff_stddev_gbps": 0.5870870919820065, "gff_mean_gbps": 4.7164557709811135}