{"ecmp_stddev_gbps": 4.4117385101210914e-05, "ecmp_mean_gbps": 0.000512889583050614}