{"ecmp_stddev_gbps": 2.9829157882085872e-05, "ecmp_mean_gbps": 0.0005013482048485331}