{"ecmp_stddev_gbps": 3.861741061076503e-05, "ecmp_mean_gbps": 0.0004929020990414331}