{"ecmp_stddev_gbps": 3.119549212796901e-05, "ecmp_mean_gbps": 0.0004757412461028071}