{"ecmp_stddev_gbps": 0.00012371093242632576, "ecmp_mean_gbps": 0.0005917150873626114}