{"ecmp_stddev_gbps": 0.34755284078739557, "ecmp_mean_gbps": 0.1263821962204518}