{"ecmp_stddev_gbps": 4.372113407621031e-05, "ecmp_mean_gbps": 0.00046118864919750377}