{"ecmp_stddev_gbps": 1.396437993172695, "ecmp_mean_gbps": 12.493730066619152, "gff_stddev_gbps": 0.4244113424054401, "gff_mean_gbps": 5.795876731712037}