{"ecmp_stddev_gbps": 2.243616405964793, "ecmp_mean_gbps": 1.055664239739761, "gff_stddev_gbps": 2.1520955961684445, "gff_mean_gbps": 1.0400526882161798}