{"ecmp_stddev_gbps": 0.00016736837637991664, "ecmp_mean_gbps": 0.0006686647441214245, "gff_stddev_gbps": 1.5627107283312538, "gff_mean_gbps": 0.9235139682280191}