{"ecmp_stddev_gbps": 0.3391769373613783, "ecmp_mean_gbps": 0.1225965380750285, "gff_stddev_gbps": 1.6130797114194144, "gff_mean_gbps": 0.9954627842716429}