{"ecmp_stddev_gbps": 1.0990526368222788, "ecmp_mean_gbps": 0.4717268832866726, "gff_stddev_gbps": 1.541893938561294, "gff_mean_gbps": 0.8804897472823409}