{"ecmp_stddev_gbps": 0.42848889297104575, "ecmp_mean_gbps": 0.12403288770296376, "gff_stddev_gbps": 0.39913070918764776, "gff_mean_gbps": 0.12271537872306847}