{"ecmp_stddev_gbps": 0.8971997493414762, "ecmp_mean_gbps": 0.38280089187481914, "gff_stddev_gbps": 1.541893938561294, "gff_mean_gbps": 0.8804897472823409}