{"ecmp_stddev_gbps": 1.7950442828871228e-05, "ecmp_mean_gbps": 0.00019451077753892702, "gff_stddev_gbps": 1.5032319661458107e-05, "gff_mean_gbps": 0.00018434182883782888}