{"ecmp_stddev_gbps": 0.6509947575594043, "ecmp_mean_gbps": 0.17066126088099104, "gff_stddev_gbps": 2.2199016309177426, "gff_mean_gbps": 1.0424300876783636}