{"ecmp_stddev_gbps": 1.5707226625780168, "ecmp_mean_gbps": 0.8899386646425795, "gff_stddev_gbps": 1.5627107283312538, "gff_mean_gbps": 0.9235139682280191}