{"ecmp_stddev_gbps": 1.456614475189696, "ecmp_mean_gbps": 0.47815687725530837, "gff_stddev_gbps": 2.1388526205177265, "gff_mean_gbps": 0.9801531846451392}