{"ecmp_stddev_gbps": 1.7950442828871228e-05, "ecmp_mean_gbps": 0.00019451077753892702, "gff_stddev_gbps": 0.2626137353567021, "gff_mean_gbps": 0.1048390159143068}