{"ecmp_stddev_gbps": 0.547932886563777, "ecmp_mean_gbps": 18.19279193833063, "gff_stddev_gbps": 0.21721594597013058, "gff_mean_gbps": 10.878950945910368}