{"ecmp_stddev_gbps": 2.1320340916172715, "ecmp_mean_gbps": 0.9997076336928397, "gff_stddev_gbps": 2.1234931178430236, "gff_mean_gbps": 1.0065301171708028}