{"ecmp_stddev_gbps": 1.2467239984968805, "ecmp_mean_gbps": 0.3922357862236207, "gff_stddev_gbps": 2.166018535585941, "gff_mean_gbps": 1.0374959980587612}